milk,cheese_block,citric_acid,salt,location,moisture_perc
Organic Local,cheese_block01,1.5 tsp.,2 tsp.,location01,60.09874980739885
Organic Local,cheese_block01,1.5 tsp.,2 tsp.,location02,57.7932828762641
Organic Local,cheese_block01,1.5 tsp.,2 tsp.,location03,58.822790996226736
Organic Local,cheese_block02,1.25 tsp.,2 tsp.,location01,59.00912654715979
Organic Local,cheese_block02,1.25 tsp.,2 tsp.,location02,60.915728458903935
Organic Local,cheese_block02,1.25 tsp.,2 tsp.,location03,61.35199029745406
Organic Local,cheese_block03,1.25 tsp.,1 tsp.,location01,58.21669313839807
Organic Local,cheese_block03,1.25 tsp.,1 tsp.,location02,55.68674805600789
Organic Local,cheese_block03,1.25 tsp.,1 tsp.,location03,56.58227046360488
Organic Local,cheese_block04,1.5 tsp.,1 tsp.,location01,58.707193026076844
Organic Local,cheese_block04,1.5 tsp.,1 tsp.,location02,61.32406724736867
Organic Local,cheese_block04,1.5 tsp.,1 tsp.,location03,60.082762868872024
Organic Local,cheese_block05,1.75 tsp.,1 tsp.,location01,60.4975610844955
Organic Local,cheese_block05,1.75 tsp.,1 tsp.,location02,64.42632067215735
Organic Local,cheese_block05,1.75 tsp.,1 tsp.,location03,59.60009443754421
Organic Local,cheese_block06,1 tsp.,1 tsp.,location01,60.23665242590421
Organic Local,cheese_block06,1 tsp.,1 tsp.,location02,58.403168756418644
Organic Local,cheese_block06,1 tsp.,1 tsp.,location03,57.82280297822131
Organic Local,cheese_block07,1 tsp.,2 tsp.,location01,57.99106653107319
Organic Local,cheese_block07,1 tsp.,2 tsp.,location02,62.38064835528987
Organic Local,cheese_block07,1 tsp.,2 tsp.,location03,58.45296334287156
Organic Local,cheese_block08,1.75 tsp.,2 tsp.,location01,58.0215903646145
Organic Local,cheese_block08,1.75 tsp.,2 tsp.,location02,61.41406937936577
Organic Local,cheese_block08,1.75 tsp.,2 tsp.,location03,60.21167237794468
Regular Local,cheese_block09,1.5 tsp.,2 tsp.,location01,58.4675689582312
Regular Local,cheese_block09,1.5 tsp.,2 tsp.,location02,59.27572160001512
Regular Local,cheese_block09,1.5 tsp.,2 tsp.,location03,56.23702467562503
Regular Local,cheese_block10,1.25 tsp.,1 tsp.,location01,57.79280262115338
Regular Local,cheese_block10,1.25 tsp.,1 tsp.,location02,57.950481907273804
Regular Local,cheese_block10,1.25 tsp.,1 tsp.,location03,53.28997865928761
Regular Local,cheese_block11,1.75 tsp.,1 tsp.,location01,59.76667322604546
Regular Local,cheese_block11,1.75 tsp.,1 tsp.,location02,59.206097281664654
Regular Local,cheese_block11,1.75 tsp.,1 tsp.,location03,58.606210593591975
Regular Local,cheese_block12,1.25 tsp.,2 tsp.,location01,55.798097340565455
Regular Local,cheese_block12,1.25 tsp.,2 tsp.,location02,54.23239236499638
Regular Local,cheese_block12,1.25 tsp.,2 tsp.,location03,57.99942766425874
Regular Local,cheese_block13,1.75 tsp.,2 tsp.,location01,56.530182547941415
Regular Local,cheese_block13,1.75 tsp.,2 tsp.,location02,60.40836557509569
Regular Local,cheese_block13,1.75 tsp.,2 tsp.,location03,55.76147572868601
Regular Local,cheese_block14,1 tsp.,1 tsp.,location01,56.5824909700743
Regular Local,cheese_block14,1 tsp.,1 tsp.,location02,53.84018154420686
Regular Local,cheese_block14,1 tsp.,1 tsp.,location03,56.34485323096072
Regular Local,cheese_block15,1 tsp.,2 tsp.,location01,53.3567379531517
Regular Local,cheese_block15,1 tsp.,2 tsp.,location02,55.80075882775912
Regular Local,cheese_block15,1 tsp.,2 tsp.,location03,54.898523652442464
Regular Local,cheese_block16,1.5 tsp.,1 tsp.,location01,60.764616084393225
Regular Local,cheese_block16,1.5 tsp.,1 tsp.,location02,58.923186001179516
Regular Local,cheese_block16,1.5 tsp.,1 tsp.,location03,55.872238160060064
Unpasterized Local,cheese_block17,1 tsp.,2 tsp.,location01,57.400550742031925
Unpasterized Local,cheese_block17,1 tsp.,2 tsp.,location02,54.41309225781497
Unpasterized Local,cheese_block17,1 tsp.,2 tsp.,location03,55.512730368111214
Unpasterized Local,cheese_block18,1.5 tsp.,2 tsp.,location01,56.142804871812004
Unpasterized Local,cheese_block18,1.5 tsp.,2 tsp.,location02,59.29845251476022
Unpasterized Local,cheese_block18,1.5 tsp.,2 tsp.,location03,57.08691345204927
Unpasterized Local,cheese_block19,1.25 tsp.,2 tsp.,location01,55.75094056478201
Unpasterized Local,cheese_block19,1.25 tsp.,2 tsp.,location02,56.15596671904327
Unpasterized Local,cheese_block19,1.25 tsp.,2 tsp.,location03,56.84533052778039
Unpasterized Local,cheese_block20,1.75 tsp.,2 tsp.,location01,56.970029529225705
Unpasterized Local,cheese_block20,1.75 tsp.,2 tsp.,location02,55.67450989268044
Unpasterized Local,cheese_block20,1.75 tsp.,2 tsp.,location03,61.41504411203119
Unpasterized Local,cheese_block21,1.5 tsp.,1 tsp.,location01,55.68502035557514
Unpasterized Local,cheese_block21,1.5 tsp.,1 tsp.,location02,57.52097022459246
Unpasterized Local,cheese_block21,1.5 tsp.,1 tsp.,location03,56.78059418067495
Unpasterized Local,cheese_block22,1 tsp.,1 tsp.,location01,57.83916239352121
Unpasterized Local,cheese_block22,1 tsp.,1 tsp.,location02,55.20244428296414
Unpasterized Local,cheese_block22,1 tsp.,1 tsp.,location03,55.28044202439397
Unpasterized Local,cheese_block23,1.25 tsp.,1 tsp.,location01,58.47965522681473
Unpasterized Local,cheese_block23,1.25 tsp.,1 tsp.,location02,55.8486196876025
Unpasterized Local,cheese_block23,1.25 tsp.,1 tsp.,location03,55.90568076920198
Unpasterized Local,cheese_block24,1.75 tsp.,1 tsp.,location01,56.47216601977006
Unpasterized Local,cheese_block24,1.75 tsp.,1 tsp.,location02,61.573407491998076
Unpasterized Local,cheese_block24,1.75 tsp.,1 tsp.,location03,59.11393116468356
Organic Lucern,cheese_block25,1.25 tsp.,1 tsp.,location01,51.70900690867458
Organic Lucern,cheese_block25,1.25 tsp.,1 tsp.,location02,52.90267159470909
Organic Lucern,cheese_block25,1.25 tsp.,1 tsp.,location03,55.60728712598893
Organic Lucern,cheese_block26,1.75 tsp.,1 tsp.,location01,58.97673836452339
Organic Lucern,cheese_block26,1.75 tsp.,1 tsp.,location02,55.172271641052966
Organic Lucern,cheese_block26,1.75 tsp.,1 tsp.,location03,56.07030055443388
Organic Lucern,cheese_block27,1.5 tsp.,2 tsp.,location01,55.91426410646018
Organic Lucern,cheese_block27,1.5 tsp.,2 tsp.,location02,51.64110448016321
Organic Lucern,cheese_block27,1.5 tsp.,2 tsp.,location03,57.01623882239241
Organic Lucern,cheese_block28,1.5 tsp.,1 tsp.,location01,54.61522881278419
Organic Lucern,cheese_block28,1.5 tsp.,1 tsp.,location02,54.28692167934258
Organic Lucern,cheese_block28,1.5 tsp.,1 tsp.,location03,55.88391514032143
Organic Lucern,cheese_block29,1 tsp.,2 tsp.,location01,56.06206279099395
Organic Lucern,cheese_block29,1 tsp.,2 tsp.,location02,55.30114905940272
Organic Lucern,cheese_block29,1 tsp.,2 tsp.,location03,55.15002464636093
Organic Lucern,cheese_block30,1.25 tsp.,2 tsp.,location01,51.79456665615429
Organic Lucern,cheese_block30,1.25 tsp.,2 tsp.,location02,55.77642865534564
Organic Lucern,cheese_block30,1.25 tsp.,2 tsp.,location03,54.437654083364016
Organic Lucern,cheese_block31,1.75 tsp.,2 tsp.,location01,52.81913878554755
Organic Lucern,cheese_block31,1.75 tsp.,2 tsp.,location02,53.41829845127605
Organic Lucern,cheese_block31,1.75 tsp.,2 tsp.,location03,54.17380609402883
Organic Lucern,cheese_block32,1 tsp.,1 tsp.,location01,52.88042813494118
Organic Lucern,cheese_block32,1 tsp.,1 tsp.,location02,54.52011928570177
Organic Lucern,cheese_block32,1 tsp.,1 tsp.,location03,53.12968451790525
Regular Lucern,cheese_block33,1 tsp.,2 tsp.,location01,53.06555001701294
Regular Lucern,cheese_block33,1 tsp.,2 tsp.,location02,52.93791121129536
Regular Lucern,cheese_block33,1 tsp.,2 tsp.,location03,51.70170914036922
Regular Lucern,cheese_block34,1.25 tsp.,2 tsp.,location01,56.89637950940522
Regular Lucern,cheese_block34,1.25 tsp.,2 tsp.,location02,51.1617838998417
Regular Lucern,cheese_block34,1.25 tsp.,2 tsp.,location03,52.56640946203122
Regular Lucern,cheese_block35,1.75 tsp.,2 tsp.,location01,50.72671203123141
Regular Lucern,cheese_block35,1.75 tsp.,2 tsp.,location02,50.45640981117023
Regular Lucern,cheese_block35,1.75 tsp.,2 tsp.,location03,54.338786348365545
Regular Lucern,cheese_block36,1 tsp.,1 tsp.,location01,50.45285480350372
Regular Lucern,cheese_block36,1 tsp.,1 tsp.,location02,51.93884746198839
Regular Lucern,cheese_block36,1 tsp.,1 tsp.,location03,50.539272889264765
Regular Lucern,cheese_block37,1.5 tsp.,2 tsp.,location01,50.89266769577082
Regular Lucern,cheese_block37,1.5 tsp.,2 tsp.,location02,54.34008843527631
Regular Lucern,cheese_block37,1.5 tsp.,2 tsp.,location03,53.55434657010483
Regular Lucern,cheese_block38,1.25 tsp.,1 tsp.,location01,52.044823870127345
Regular Lucern,cheese_block38,1.25 tsp.,1 tsp.,location02,53.129591465545765
Regular Lucern,cheese_block38,1.25 tsp.,1 tsp.,location03,52.39374586342429
Regular Lucern,cheese_block39,1.5 tsp.,1 tsp.,location01,51.24331518771415
Regular Lucern,cheese_block39,1.5 tsp.,1 tsp.,location02,49.211966982517474
Regular Lucern,cheese_block39,1.5 tsp.,1 tsp.,location03,49.67810339844241
Regular Lucern,cheese_block40,1.75 tsp.,1 tsp.,location01,51.62510171375947
Regular Lucern,cheese_block40,1.75 tsp.,1 tsp.,location02,53.377755853375106
Regular Lucern,cheese_block40,1.75 tsp.,1 tsp.,location03,55.522463961679705
Unpasterized Lucern,cheese_block41,1.75 tsp.,1 tsp.,location01,53.91015798403339
Unpasterized Lucern,cheese_block41,1.75 tsp.,1 tsp.,location02,54.14736921292312
Unpasterized Lucern,cheese_block41,1.75 tsp.,1 tsp.,location03,55.15935298834856
Unpasterized Lucern,cheese_block42,1.5 tsp.,1 tsp.,location01,50.9764511453381
Unpasterized Lucern,cheese_block42,1.5 tsp.,1 tsp.,location02,54.12991349892735
Unpasterized Lucern,cheese_block42,1.5 tsp.,1 tsp.,location03,49.581135905415316
Unpasterized Lucern,cheese_block43,1.25 tsp.,1 tsp.,location01,51.46732571167553
Unpasterized Lucern,cheese_block43,1.25 tsp.,1 tsp.,location02,58.7116328307929
Unpasterized Lucern,cheese_block43,1.25 tsp.,1 tsp.,location03,51.58854945815362
Unpasterized Lucern,cheese_block44,1 tsp.,2 tsp.,location01,51.64014538343472
Unpasterized Lucern,cheese_block44,1 tsp.,2 tsp.,location02,51.45601252522079
Unpasterized Lucern,cheese_block44,1 tsp.,2 tsp.,location03,51.962784557615514
Unpasterized Lucern,cheese_block45,1.75 tsp.,2 tsp.,location01,52.55774678306363
Unpasterized Lucern,cheese_block45,1.75 tsp.,2 tsp.,location02,52.4879240313374
Unpasterized Lucern,cheese_block45,1.75 tsp.,2 tsp.,location03,48.162997585902176
Unpasterized Lucern,cheese_block46,1 tsp.,1 tsp.,location01,51.81737847627405
Unpasterized Lucern,cheese_block46,1 tsp.,1 tsp.,location02,56.07519953093175
Unpasterized Lucern,cheese_block46,1 tsp.,1 tsp.,location03,49.60014307576646
Unpasterized Lucern,cheese_block47,1.5 tsp.,2 tsp.,location01,53.426891239873534
Unpasterized Lucern,cheese_block47,1.5 tsp.,2 tsp.,location02,53.76475129564555
Unpasterized Lucern,cheese_block47,1.5 tsp.,2 tsp.,location03,53.52912971159974
Unpasterized Lucern,cheese_block48,1.25 tsp.,2 tsp.,location01,50.95927108941278
Unpasterized Lucern,cheese_block48,1.25 tsp.,2 tsp.,location02,51.443576268815825
Unpasterized Lucern,cheese_block48,1.25 tsp.,2 tsp.,location03,51.65911322668837
